URL,Ostatnie zindeksowanie
https://altpik.com/articles/amazon-gifts-under-20,1970-01-01
https://altpik.com/articles/amazon-kitchen-best-sellers,1970-01-01
https://altpik.com/articles/baby-brezza-alternative,1970-01-01
https://altpik.com/articles/car-emergency-kit-amazon,1970-01-01
https://altpik.com/articles/cleaning-gadgets-pet-owners-amazon,1970-01-01
https://altpik.com/articles/coffee-lover-gadgets-amazon,1970-01-01
https://altpik.com/articles/dog-grooming-tools-amazon,1970-01-01
https://altpik.com/articles/dyson-vacuum-alternative,1970-01-01
https://altpik.com/articles/housewarming-gifts-amazon,1970-01-01
https://altpik.com/articles/nespresso-machine-alternative,1970-01-01
https://altpik.com/articles/new-puppy-parents-amazon,1970-01-01
https://altpik.com/articles/summer-beach-bags-straw-amazon,1970-01-01
https://altpik.com/articles/toddler-proofing-gadgets-amazon,1970-01-01
https://altpik.com/articles/yeti-rambler-alternative,1970-01-01
https://altpik.com/categories/baby,1970-01-01
https://altpik.com/categories/office,1970-01-01
https://altpik.com/categories/tech,1970-01-01
https://altpik.com/privacy,1970-01-01